r_begin_m,r_end_m,delta_r_m,r_mid_m,chord_m,pitch_m
0.019050,0.031750,0.012700,0.025400,0.016002,0.127000
0.031750,0.038100,0.006350,0.034925,0.017526,0.127000
0.038100,0.050800,0.012700,0.044450,0.017526,0.127000
0.050800,0.059690,0.008890,0.055245,0.016510,0.127000
0.059690,0.067310,0.007620,0.063500,0.014478,0.127000
0.067310,0.074930,0.007620,0.071120,0.012954,0.127000
0.074930,0.080010,0.005080,0.077470,0.011176,0.127000
0.080010,0.085090,0.005080,0.082550,0.010160,0.127000
0.085090,0.086614,0.001524,0.085852,0.008128,0.127000
0.086614,0.088900,0.002286,0.087757,0.004318,0.127000
