pitch_deg,Cd_aoa_-6,Cd_aoa_-4.4,Cd_aoa_-2.8,Cd_aoa_-1.2,Cd_aoa_0.4,Cd_aoa_2
38.51,0.002345,0.004584,0.0049,0.005507,0.00578,0.005702
30.06,0.000001,0.000001,0.001684,0.003351,0.003891,0.002844
24.45,0.000001,0.000001,0.000683,0.002415,0.003289,0.00332
20.10,0.000001,0.000001,0.000001,0.000955,0.002338,0.000535
17.66,0.000001,0.000001,0.000001,0.000001,0.010626,0.015695
15.87,0.013288,0.00866,0.000001,0.000001,0.005142,0.006434
14.62,0.005849,0.012831,0.000001,0.000001,0.008543,0.011885
13.76,0.007496,0.00132,0.000108,0.000001,0.007039,0.008541
13.25,0.011042,0.003618,0.001279,0.000001,0.00616,0.007547
12.97,0.012495,0.004347,0.001264,0.000001,0.005121,0.004518
