section,r_mid_m,pitch_deg,rpm,rps,vzero,omega_rad_s,tip_speed_m_s,phi_rad,phi_deg,aoa_deg,cl,r_begin_m,r_end_m,delta_r_m,chord_m,S_m2,cd,Drag_N,drag_per_span_N/m
0,0.0254,38.51,8000,133.33333333333334,10,837.7580409572782,23.511659859785787,0.43931640941651595,25.170976130407702,13.339023869592296,,0.01905,0.03175,0.0127,0.016002,0.00020322539999999997,,,
0,0.0254,38.51,8000,133.33333333333334,15,837.7580409572782,26.034556830533187,0.6140193806305834,35.18071904936927,3.329280950630725,,0.01905,0.03175,0.0127,0.016002,0.00020322539999999997,,,
0,0.0254,38.51,8000,133.33333333333334,20,837.7580409572782,29.20270791146366,0.75442252314512,43.22522654582605,-4.715226545826049,-0.04727914378613671,0.01905,0.03175,0.0127,0.016002,0.00020322539999999997,0.0041428798524346735,0.00043977715742588957,0.03462812263195981
0,0.0254,38.51,10000,166.66666666666666,10,1047.1975511965977,28.416493597531247,0.35960903303840014,20.604079867880913,17.905920132119086,,0.01905,0.03175,0.0127,0.016002,0.00020322539999999997,,,
0,0.0254,38.51,10000,166.66666666666666,15,1047.1975511965977,30.53681562276156,0.513478757776325,29.420165690203724,9.089834309796274,,0.01905,0.03175,0.0127,0.016002,0.00020322539999999997,,,
0,0.0254,38.51,10000,166.66666666666666,20,1047.1975511965977,33.27907913958159,0.6447243797181185,36.93998590703808,1.5700140929619195,0.6776930646379895,0.01905,0.03175,0.0127,0.016002,0.00020322539999999997,0.005722961812968106,0.0007889464550080171,0.06212176811086749
1,0.034925,30.06,8000,133.33333333333334,10,837.7580409572782,30.92040590189635,0.329332020890774,18.86933485555561,11.190665144444388,,0.03175,0.0381,0.00635,0.017526,0.0001112901,,,
1,0.034925,30.06,8000,133.33333333333334,15,837.7580409572782,32.87965177945208,0.47373060031984815,27.142764024526144,2.9172359754738544,,0.03175,0.0381,0.00635,0.017526,0.0001112901,,,
1,0.034925,30.06,8000,133.33333333333334,20,837.7580409572782,35.441099039646424,0.5996051984287448,34.35484724407134,-4.294847244071338,0.19345329890826896,0.03175,0.0381,0.00635,0.017526,0.0001112901,0.00011160755514246156,9.555877690457775e-06,0.0015048626284185473
1,0.034925,30.06,10000,166.66666666666666,10,1047.1975511965977,37.91585051832764,0.2668994512450034,15.292212110696381,14.767787889303618,,0.03175,0.0381,0.00635,0.017526,0.0001112901,,,
1,0.034925,30.06,10000,166.66666666666666,15,1047.1975511965977,39.529883892166524,0.3892123077566572,22.300222569003374,7.759777430996625,,0.03175,0.0381,0.00635,0.017526,0.0001112901,,,
1,0.034925,30.06,10000,166.66666666666666,20,1047.1975511965977,41.68467009019223,0.5004184147738028,28.67186315716598,1.3881368428340188,0.8587050607618716,0.03175,0.0381,0.00635,0.017526,0.0001112901,0.003244387953470489,0.0003842803195645274,0.06051658575819329
2,0.04445,24.45,8000,133.33333333333334,10,837.7580409572782,38.5576754022066,0.2623509093888617,15.031599859400858,9.418400140599141,,0.0381,0.0508,0.0127,0.017526,0.0002225802,,,
2,0.04445,24.45,8000,133.33333333333334,15,837.7580409572782,40.14591302264687,0.3829269560582013,21.940098443926466,2.509901556073533,,0.0381,0.0508,0.0127,0.017526,0.0002225802,,,
2,0.04445,24.45,8000,133.33333333333334,20,837.7580409572782,42.26930721483294,0.4928703613695574,28.23939155356337,-3.7893915535633695,0.3692644961518251,0.0381,0.0508,0.0127,0.017526,0.0002225802,0.0002612718502936138,6.364078119925918e-05,0.005011085133799936
2,0.04445,24.45,10000,166.66666666666666,10,1047.1975511965977,47.60997683689063,0.21161588221873287,12.124696929070916,12.325303070929083,,0.0381,0.0508,0.0127,0.017526,0.0002225802,,,
2,0.04445,24.45,10000,166.66666666666666,15,1047.1975511965977,48.905111127664995,0.3117412328335419,17.861456941567074,6.588543058432926,,0.0381,0.0508,0.0127,0.017526,0.0002225802,,,
2,0.04445,24.45,10000,166.66666666666666,20,1047.1975511965977,50.66270713660357,0.40581499431043483,23.25148643711343,1.1985135628865677,0.9447514268830585,0.0381,0.0508,0.0127,0.017526,0.0002225802,0.003304471200280927,0.001156302267523487,0.09104742263964465
3,0.055245,20.1,8000,133.33333333333334,10,837.7580409572782,47.349955072067935,0.21279578138410082,12.192300171497509,7.907699828502492,,0.0508,0.05969,0.00889,0.01651,0.0001467739,,,
3,0.055245,20.1,8000,133.33333333333334,15,837.7580409572782,48.652011729494305,0.31341810032090556,17.95753437139572,2.142465628604281,,0.0508,0.05969,0.00889,0.01651,0.0001467739,,,
3,0.055245,20.1,8000,133.33333333333334,20,837.7580409572782,50.418431603202926,0.4078976377380966,23.37081311574911,-3.2708131157491103,0.47317377561750745,0.0508,0.05969,0.00889,0.01651,0.0001467739,1e-06,2.2852493318938954e-07,2.5705841753587123e-05
3,0.055245,20.1,10000,166.66666666666666,10,1047.1975511965977,58.71033561753164,0.17116228078688572,9.806876300921692,10.29312369907831,,0.0508,0.05969,0.00889,0.01651,0.0001467739,,,
3,0.055245,20.1,10000,166.66666666666666,15,1047.1975511965977,59.76540394177224,0.25369389138800436,14.535589264782953,5.564410735217049,,0.0508,0.05969,0.00889,0.01651,0.0001467739,,,
3,0.055245,20.1,10000,166.66666666666666,20,1047.1975511965977,61.21195559956572,0.33284537395998,19.070635158360446,1.0293648416395556,0.9744453101141078,0.0508,0.05969,0.00889,0.01651,0.0001467739,0.0016287844940774258,0.0005486445413475039,0.06171479655202518
4,0.0635,17.66,8000,133.33333333333334,10,837.7580409572782,54.12936756987041,0.18580994573576853,10.646125682214384,7.013874317785616,,0.05969,0.06731,0.00762,0.014478,0.00011032236,,,
4,0.0635,17.66,8000,133.33333333333334,15,837.7580409572782,55.27194978932929,0.27483215652140797,15.74672264315552,1.91327735684448,1.0780395846845405,0.05969,0.06731,0.00762,0.014478,0.00011032236,0.01542025182615292,0.003183249453198863,0.4177492720733416
4,0.0635,17.66,8000,133.33333333333334,20,837.7580409572782,56.8329871950625,0.3596090330384001,20.60407986788091,-2.944079867880909,0.5246253849555177,0.05969,0.06731,0.00762,0.014478,0.00011032236,1e-06,2.1825821738926451e-07,2.864281068100584e-05
4,0.0635,17.66,10000,166.66666666666666,10,1047.1975511965977,67.2447539021881,0.14926413039717082,8.552204704448268,9.107795295551732,,0.05969,0.06731,0.00762,0.014478,0.00011032236,,,
4,0.0635,17.66,10000,166.66666666666666,15,1047.1975511965977,68.16785846251767,0.22186065483886255,12.71167916227553,4.94832083772447,,0.05969,0.06731,0.00762,0.014478,0.00011032236,,,
4,0.0635,17.66,10000,166.66666666666666,20,1047.1975511965977,69.4395919297186,0.29215870779996306,16.73946090493373,0.9205390950662711,0.9731319688711283,0.05969,0.06731,0.00762,0.014478,0.00011032236,0.01227513292055683,0.0039995410647136725,0.5248741554742352
5,0.07112,15.87,8000,133.33333333333334,10,837.7580409572782,60.41471253759415,0.1662878923530371,9.52759441595478,6.342405584045219,,0.06731,0.07493,0.00762,0.012954,9.870948e-05,,,
5,0.07112,15.87,8000,133.33333333333334,15,837.7580409572782,61.44051994409012,0.24663127172281352,14.130930965661419,1.7390690343385806,1.0464365103999893,0.06731,0.07493,0.00762,0.012954,9.870948e-05,0.006223298245228404,0.0014203498713213475,0.18639762090831333
5,0.07112,15.87,8000,133.33333333333334,20,837.7580409572782,62.84852815301354,0.3238570199540997,18.555640409054,-2.6856404090540007,0.5053632715356575,0.06731,0.07493,0.00762,0.012954,9.870948e-05,1e-06,2.3881146890859094e-07,3.134008778327965e-05
5,0.07112,15.87,10000,166.66666666666666,10,1047.1975511965977,75.14504195013608,0.13347192072592068,7.6473777410999535,8.222622258900046,,0.06731,0.07493,0.00762,0.012954,9.870948e-05,,,
5,0.07112,15.87,10000,166.66666666666666,15,1047.1975511965977,75.97221419497862,0.19874644317141685,11.387332386958846,4.482667613041153,,0.06731,0.07493,0.00762,0.012954,9.870948e-05,,,
5,0.07112,15.87,10000,166.66666666666666,20,1047.1975511965977,77.1153508044132,0.26235090938886174,15.031599859400862,0.8384001405991377,0.9413565964035256,0.06731,0.07493,0.00762,0.012954,9.870948e-05,0.005496008113533803,0.0019760321188206733,0.2593218003701671
6,0.07747,14.62,8000,133.33333333333334,10,837.7580409572782,65.66699920388051,0.15287830351433412,8.759281570491366,5.860718429508633,,0.07493,0.08001,0.00508,0.011176,5.677408e-05,,,
6,0.07747,14.62,8000,133.33333333333334,15,837.7580409572782,66.6119717801721,0.2271326489425753,13.013742174036125,1.6062578259638745,1.0141021313471665,0.07493,0.08001,0.00508,0.011176,5.677408e-05,0.011062571033982043,0.0017069344735764155,0.33601072314496366
6,0.07747,14.62,8000,133.33333333333334,20,837.7580409572782,67.91284697641855,0.2989271355861321,17.12726325102029,-2.507263251020289,0.511713731084477,0.07493,0.08001,0.00508,0.011176,5.677408e-05,1e-06,1.6038364238139476e-07,3.1571583145943846e-05
6,0.07747,14.62,10000,166.66666666666666,10,1047.1975511965977,81.74039301771992,0.12264577735535513,7.027085417563012,7.592914582436987,,0.07493,0.08001,0.00508,0.011176,5.677408e-05,,,
6,0.07747,14.62,10000,166.66666666666666,15,1047.1975511965977,82.50146574874483,0.1828318519972541,10.475493480003172,4.144506519996828,,0.07493,0.08001,0.00508,0.011176,5.677408e-05,,,
6,0.07747,14.62,10000,166.66666666666666,20,1047.1975511965977,83.55532209674807,0.24170907809814202,13.84891004502154,0.7710899549784589,0.9229649594058025,0.07493,0.08001,0.00508,0.011176,5.677408e-05,0.009318114143461256,0.0022622076148332824,0.4453164596128508
7,0.08255,13.76,8000,133.33333333333334,10,837.7580409572782,69.87617943647815,0.14360333974398048,8.227865291313357,5.532134708686643,,0.08001,0.08509,0.00508,0.01016,5.161280000000001e-05,,,
7,0.08255,13.76,8000,133.33333333333334,15,837.7580409572782,70.76496628020742,0.21358960589574313,12.237782965688647,1.5222170343113532,0.985812952093021,0.08001,0.08509,0.00508,0.01016,5.161280000000001e-05,0.008092481240959784,0.001281096435260948,0.25218433764979287
7,0.08255,13.76,8000,133.33333333333334,20,837.7580409572782,71.99083589345864,0.28151688185926566,16.129729192218928,-2.3697291922189283,0.5099305654055057,0.08001,0.08509,0.00508,0.01016,5.161280000000001e-05,7.922563972964083e-05,1.2980269229316988e-05,0.002555171108133265
7,0.08255,13.76,10000,166.66666666666666,10,1047.1975511965977,87.0226304316772,0.11516705430929243,6.598586150876397,7.161413849123603,,0.08001,0.08509,0.00508,0.01016,5.161280000000001e-05,,,
7,0.08255,13.76,10000,166.66666666666666,15,1047.1975511965977,87.73789493285254,0.17180774267556248,9.843858542979412,3.916141457020588,,0.08001,0.08509,0.00508,0.01016,5.161280000000001e-05,,,
7,0.08255,13.76,10000,166.66666666666666,20,1047.1975511965977,88.72957909991611,0.22735766402635377,13.026634588663415,0.7333654113365853,0.8961648954645821,0.08001,0.08509,0.00508,0.01016,5.161280000000001e-05,0.007351946779892219,0.0018297961548212733,0.3601960934687546
8,0.085852,13.25,8000,133.33333333333334,10,837.7580409572782,72.61506164408475,0.13815151403235085,7.915498687396073,5.334501312603927,,0.08509,0.086614,0.001524,0.008128,1.2387071999999999e-05,,,
8,0.085852,13.25,8000,133.33333333333334,15,837.7580409572782,73.47072326834838,0.2056085762458927,11.780503650583444,1.4694963494165556,0.9718565680711844,0.08509,0.086614,0.001524,0.008128,1.2387071999999999e-05,0.0070871196479004766,0.0002902506160176451,0.19045316011656502
8,0.085852,13.25,8000,133.33333333333334,20,837.7580409572782,74.6521746339263,0.2712221826678427,15.539886377193653,-2.2898863771936533,0.5131791815955526,0.08509,0.086614,0.001524,0.008128,1.2387071999999999e-05,0.0008715467437834306,3.68510923872733e-05,0.024180506815796126
8,0.085852,13.25,10000,166.66666666666666,10,1047.1975511965977,90.45844330387146,0.11077441273895561,6.346906327982378,6.903093672017622,,0.08509,0.086614,0.001524,0.008128,1.2387071999999999e-05,,,
8,0.085852,13.25,10000,166.66666666666666,15,1047.1975511965977,91.14674961269726,0.16532182256956812,9.472242694646893,3.7777573053531075,,0.08509,0.086614,0.001524,0.008128,1.2387071999999999e-05,,,
8,0.085852,13.25,10000,166.66666666666666,20,1047.1975511965977,92.10173703551811,0.2188950482386887,12.541762420389427,0.7082375796105733,0.8847186071986115,0.08509,0.086614,0.001524,0.008128,1.2387071999999999e-05,0.006427203451824915,0.00041364944381265046,0.2714235195621066
9,0.087757,12.97,8000,133.33333333333334,10,837.7580409572782,74.19611060487644,0.13518936865112938,7.745780258747912,5.224219741252089,,0.086614,0.0889,0.002286,0.004318,9.870947999999999e-06,,,
9,0.087757,12.97,8000,133.33333333333334,15,837.7580409572782,75.03374460128629,0.201266121781701,11.531699337057516,1.4383006629424848,0.9657691742853134,0.086614,0.0889,0.002286,0.004318,9.870947999999999e-06,0.004729690437653551,0.0001609944538781781,0.07042627028791693
9,0.087757,12.97,8000,133.33333333333334,20,837.7580409572782,76.19096290828105,0.26561041174428207,15.218355587679397,-2.248355587679397,0.5182989358616178,0.086614,0.0889,0.002286,0.004318,9.870947999999999e-06,0.0008285456920244239,2.907959443075094e-05,0.01272073247189455
9,0.087757,12.97,10000,166.66666666666666,10,1047.1975511965977,92.44139045980582,0.10838875338690213,6.210218115753799,6.759781884246202,,0.086614,0.0889,0.002286,0.004318,9.870947999999999e-06,,,
9,0.087757,12.97,10000,166.66666666666666,15,1047.1975511965977,93.11503997820265,0.16179604640963288,9.270230601174761,3.6997693988252394,,0.086614,0.0889,0.002286,0.004318,9.870947999999999e-06,,,
9,0.087757,12.97,10000,166.66666666666666,20,1047.1975511965977,94.05004343508979,0.21428900184745234,12.27785540193012,0.6921445980698806,0.879345648071444,0.086614,0.0889,0.002286,0.004318,9.870947999999999e-06,0.005010898004602414,0.0002679776170475291,0.11722555426401099
