surface,x/c,Cp,stepsize,avgheight,areacovered
upper,0,0.99093
upper,0.00505,0.58711
upper,0.01449,0.20079
upper,0.0282,-0.06389
upper,0.04617,-0.22967
upper,0.0683,-0.32961
upper,0.09448,-0.38606
upper,0.12454,-0.4126
upper,0.15827,-0.42106
upper,0.1954,-0.41792
upper,0.23561,-0.40558
upper,0.27856,-0.38701
upper,0.32392,-0.3591
upper,0.37128,-0.32869
upper,0.42023,-0.29557
upper,0.4703,-0.26048
upper,0.52097,-0.22695
upper,0.57168,-0.19219
upper,0.62196,-0.15395
upper,0.67127,-0.11794
upper,0.71902,-0.08047
upper,0.76479,-0.02868
upper,0.80834,0.03229
upper,0.84914,0.08206
upper,0.88634,0.12106
upper,0.91923,0.15604
upper,0.94719,0.18543
upper,0.9697,0.21027
upper,0.98629,0.22435
upper,0.99653,0.16603
upper,1,0.99152
lower,0,0.99093
lower,0.00022,0.28469
lower,0.00635,-0.12327
lower,0.018,-0.22198
lower,0.03464,-0.27723
lower,0.05599,-0.31126
lower,0.08179,-0.32834
lower,0.11183,-0.32382
lower,0.14602,-0.29995
lower,0.18411,-0.26968
lower,0.22585,-0.23661
lower,0.27085,-0.20552
lower,0.31862,-0.17867
lower,0.36863,-0.15252
lower,0.42035,-0.12974
lower,0.47321,-0.10809
lower,0.52657,-0.08818
lower,0.57982,-0.07235
lower,0.63229,-0.05755
lower,0.68335,-0.04608
lower,0.73235,-0.03473
lower,0.77872,-0.02672
lower,0.82187,-0.01715
lower,0.86129,-0.01103
lower,0.8965,-0.00272
lower,0.92706,0.00022
lower,0.95259,0.00351
lower,0.97277,-0.003
lower,0.98743,0.01993
lower,0.9967,0.05761
lower,1,0.99152
